<?xml version="1.0" encoding="UTF-8"?>
<actions>
        <action>
            <actionName>profile.single.main</actionName>
            <goals>
                <goal>process-classes</goal>
                <goal>org.codehaus.mojo:exec-maven-plugin:1.2:exec</goal>
            </goals>
            <properties>
                <exec.args>-classpath %classpath ${packageClassName}</exec.args>
                <exec.executable>java</exec.executable>
                <exec.classpathScope>${classPathScope}</exec.classpathScope>
            </properties>
        </action>
    </actions>
